S.no,age,gender,detected_state,state
1,69,F,Delhi,Deceased
2,65,M,Maharashtra,Deceased
3,76,M,Karnataka,Deceased
4,70,M,Punjab,Deceased
5,63,M,Maharashtra,Deceased
6,64,M,Maharashtra,Deceased
7,41,F,Maharashtra,Deceased
8,67,M,Gujarat,Deceased
9,57,M,West Bengal,Deceased
10,38,M,Bihar,Deceased
11,69,M,Kerala,Deceased
12,85,F,Gujarat,Deceased
13,69,M,Himachal Pradesh,Deceased
14,54,M,Tamil Nadu,Deceased
15,65,M,Jammu and Kashmir,Deceased
16,65,F,Madhya Pradesh,Deceased
17,70,F,Karnataka,Deceased
18,55,M,Rajasthan,Deceased
19,35,M,Madhya Pradesh,Deceased
20,60,M,Karnataka,Deceased
21,74,M,Telangana,Deceased
22,44,F,West Bengal,Deceased
23,68,M,Kerala,Deceased
24,45,F,Gujarat,Deceased
25,48,F,West Bengal,Deceased
26,73,M,Maharashtra,Deceased
27,75,M,Karnataka,Deceased
28,67,M,Maharashtra,Deceased
29,67,M,Maharashtra,Deceased
30,65,F,Maharashtra,Deceased
31,44,M,Maharashtra,Deceased
32,62,M,Maharashtra,Deceased
33,75,F,Punjab,Deceased
34,60,M,Maharashtra,Deceased
35,48,M,Uttar Pradesh,Deceased
36,51,M,Gujarat,Deceased
37,80,F,Karnataka,Deceased
38,72,M,Odisha,Deceased
39,71,M,Kerala,Deceased
40,65,M,Karnataka,Deceased
41,66,M,Karnataka,Deceased
42,55,M,Karnataka,Deceased
43,22,F,Maharashtra,Deceased
44,50,M,Maharashtra,Deceased
45,80,F,Karnataka,Deceased
46,42,M,Karnataka,Deceased
47,50,F,Karnataka,Deceased
48,45,F,Karnataka,Deceased
49,65,M,Maharashtra,Deceased
50,58,F,Bihar,Deceased
51,40,F,Rajasthan,Recovered
52,48,F,Uttar Pradesh,Recovered
53,45,F,Uttar Pradesh,Recovered
54,43,M,Uttar Pradesh,Recovered
55,16,M,Uttar Pradesh,Recovered
56,49,M,Uttar Pradesh,Recovered
57,38,F,Delhi,Recovered
58,45,M,Tamil Nadu,Recovered
59,24,M,Kerala,Recovered
60,54,M,Kerala,Recovered
61,53,F,Kerala,Recovered
62,45,M,Kerala,Recovered
63,31,F,Kerala,Recovered
64,46,M,Karnataka,Recovered
65,3,M,Kerala,Recovered
66,27,M,Maharashtra,Recovered
67,33,F,Maharashtra,Recovered
68,48,M,Uttar Pradesh,Recovered
69,34,F,Kerala,Recovered
70,40,M,Karnataka,Recovered
71,47,F,Karnataka,Recovered
72,13,F,Karnataka,Recovered
73,42,M,Kerala,Recovered
74,24,F,Kerala,Recovered
75,46,M,Kerala,Recovered
76,39,F,Kerala,Recovered
77,28,M,Kerala,Recovered
78,26,F,Kerala,Recovered
79,45,M,Rajasthan,Recovered
80,27,M,Andhra Pradesh,Recovered
81,26,M,Karnataka,Recovered
82,32,M,Kerala,Recovered
83,20,F,Kerala,Recovered
84,37,F,Kerala,Recovered
85,43,M,Kerala,Recovered
86,18,M,Kerala,Recovered
87,46,F,Kerala,Recovered
88,25,M,Kerala,Recovered
89,35,M,Karnataka,Recovered
90,35,M,Kerala,Recovered
91,24,F,Karnataka,Recovered
92,21,M,Karnataka,Recovered
93,45,F,Karnataka,Recovered
94,55,M,Karnataka,Recovered
95,34,F,West Bengal,Recovered
96,32,M,Karnataka,Recovered
97,23,F,Chhattisgarh,Recovered
98,32,M,Tamil Nadu,Recovered
99,53,F,Uttarakhand,Recovered
100,20,F,Andhra Pradesh,Recovered
